{"episode_rewards": [200.0, 200.0, 200.0, 200.0, 200.0], "timestamps": [1589809972.7200963, 1589809975.0723114, 1589809977.4344528, 1589809979.8078802, 1589809982.3408024], "initial_reset_timestamp": 1589809969.9354308, "episode_types": ["t", "t", "t", "t", "t", "t"], "episode_lengths": [200, 200, 200, 200, 200]}